,0
0,명품백 구매처는 어디세요? 😯 입문자라 주로 온오프라인 각각 어디서 사시는지 궁금해여!﻿
1,와 진짜 솔직하게 리뷰해주셔서 너무 재밌게 잘봤어요 다른 유튜버들은 10개 소개하면 10개 다 너무이쁘죠~ 맨날매요~ 이런식인데 하늘님은 진짜 자주맨거랑 손이안가는거 솔직하게 오픈하고 단점 장점 다 말해주시니 20분 후딱 지나갔네요 ㅋㅋ 더 흥하시길 바라고좋은 컨텐츠마니  만들어주세뇨﻿
2,베르토니 가방 너무 귀엽다...﻿
3,로즈하님이 가지고있는 발렌시아가 가방이랑 똑같은건가??﻿
4,"명품백 가방 영상 중에서 실용적으로 설명을 잘 해주시는 것 같아요. 가볍다. 막 들어도 괜찮은 가방이다. 등등 
영상 만들어줘서 감사해요. ^^﻿"
5,두번째 가방 발렌시아가 미니 시티 모터백이아니라 파비에르 a6 이나 a4 인것같아요!! 가죽재질이랑 옆에 지퍼디자인이 모터백이아니라 파비에르 같네용﻿
6,저랑 백취향 똑같으시네요 ㅎㅎ﻿
7,투명빽  이쁜데.   저도  사고 싶은데  도와주삼 !﻿
8,"뒤에 발렌시아가 모터백 저거 백화점에서 사신건가요~? 진품디자인을 실제로 보니 넘 이뿌네요~~~~


전 학생 때, 저거 비슷한 스타일로 2~3만원 주고 몇 개월 들고다녔는데, 실제로..진품을 들고 다닌 분 보니까 넘 부러워요~~~~~~~~~~~~그 옆에 옅은 하늘 색 가방은 지방시인 지, 뤼비통인 지 몰라도 색깔이 영롱하네요~ 밥 안먹어도...가방 정리함만 쳐다봐도 배부를 것 같아요!﻿"
9,"기스라는 단어 말고 흠집이라는 단어를 쓰는게 좋아요 ~~ :”) 
(기스는 일본말입니다)﻿"
10,"귀걸이
정보좀 알려주세요....﻿"
11,‘진짜’라는 말이 몇번 나올까요﻿
12,발랜시아가﻿
13,뭐든지 뽕 뽑아 버리는 최고의 뽕 킬러 ㅠㅠㅠㅠ큐트 그 자체 ㅠㅠㅠ﻿
14,"구찌백 사주셨던 분 속상하시겠다 
기껏 사주셨는데 무겁고,과하고,잘 들고 다니지도 않고,손도 많이 안가고.ㅠㅠㅠ﻿"
15,"와.. 이런거 보면 자괴감든다..
열심히살ㄹ아야겠다는 생각이 확확 드는 영상 ㅎㅎ﻿"
16,"하늘만큼 열심히 일많이하고 돈많이벌면 큰맘몇번이고먹어서 백살수있지,,게으른 저는 반성할뿐...ㅋㅋㅋㅋㅋㅋ﻿"
17,언니 옷 정보알려주실수있나요~?﻿
18,가죽의 심하지 않은 오염은 휘발류로 살짝 닦아주면 지워집니다~ (가죽이염은 안지워짐)﻿
19,
20,"하늘님은 본인이 어떤장점이있는지 잘살리고 어울리게 잘 꾸미는거같아서 더이뻐보여요, 가끔 귀염뽀작한 스타일인데 섹시치명 쪽으로..심지어가슴도 절벽인데 영끌로 간신히 그림자만만들어놓고 야하게 꾸미는 사람들보면 좀.. 본인만족이라지만 자신이가진 장점을 너무싫어하는 느낌이라 자존감낮아보이고 매력없는,  자연스럽게 잘변신한 사람들이야기하는건 아닙니다..﻿"
21,옆으로 보여줄때 가방 잘 안보여서 그냥 넘겨버리게 돼요..﻿
22,언니 너무 이뻐요ㅠㅠ 저두 예쁜 가방 징민하려구여!! 가성비값 가방 잘 골라보려구옇ㅎ﻿
23,정말진지하게 가방하나만 아무거나주심안되요..?﻿
24,이름과 가격적어주셨으면 좋겠어요﻿
25,저두마지먁소개에 샤넬가방 검정있어용!!>< 미니백성애자에용ㅋㅋㅋㅋ﻿
26,얼마나 돈이 많으면 추리닝에 발렌시아가를 들구다니누﻿
27,어머 언니 머리띠 너무 이쁘당🥰﻿
28,언니 원피스 정보 알수 있을까요?﻿
29,저에이름은김하늘인데요﻿
30,말도 이쁘게하고 행동도 참하고... 😎﻿
31,생로랑 삭드쥬르 사이즈 나노 아닌가요~??? 크기가 나노같은데~!! 아시는 분 알려주세요~~~﻿
32,옷 넘 이쁘다 어딘꺼지?ㅜㅜㅜㅜ﻿
33,젊은 분이 자꾸 기스..기스라는 표현을 사용하니 조금 거슬리네요.딴지 거는듯해 미안합니다.﻿
34,제가 진짜 왠만하면 글도 잘 안쓰는 편이고 명품가방 영상같은 거 보면 정말 그냥 돈 많은거 자랑하는 느낌(?)이 많이 들어서 별로 안 좋아 하는데 언니는 사용해보고 실제 느꼈던점들은 얘기해줘서 너무 좋았어요!!구독하고 가융!! 영상 잘 챙겨볼게여<3﻿
35,옷잘어울린다﻿
36,머리띠이뻐요ㅠ정보궁금해용﻿
37,이분 되게 예쁘신데 되게 털털하시다﻿
38,발렌시아가 미니시티가 아니라 파피에 아닌가요?﻿
39,다른 명품가방소개영상은 가방자체가 디자인이 좀 올드하거나 투머치거나 해서 영상보면서 뽐뿌가 오진 않았는데 하늘님 추천해주신건 진심 다 사고싶어요ㅠㅠㅠ 가방이 하나같이 다들 예쁘네요﻿
40,베르토니 가방 어디서 사셨나요 ㅠㅠㅠ﻿
41,이 영상 메이크업 너무 이뻐요❤️﻿
42,"마지막 루이비통 가방 진짜 예쁘네요+_+
근데 하늘언니랑 진짜 안어울려요 큐ㅠㅜㅜㅠ
결론은 언니 넘 큐티하세요 헿﻿"
43,명품하울 나 이런거 다 살 수있어 하는 느낌이라 잘 안보는데 하늘님거는 다 봤네요 ㅋㅋㅋㅋ틴트 묻은거까지 졸귘ㅋㅋㅋㅋ﻿
44,역시 하사장님 ㅎㅅㅎ 최고﻿
45,루이비통 가방 엄마 빨간색 있는데ㅋㅋㅋㅋㅋㅋㅋㅋㅋ 엄마도 별로 많이 안드던데...... 역시 가방은 가벼워야 들고 다님 비싸도 가벼워야 한다는 사실﻿
46,와 너무잌버서 언젠가 사거싶었던건데 많이 무겁다니.. 덕분에 가방보는눈 쪼오오오금 생긴고같아요 ❤️﻿
47,"BERTONI 가방 혹시 어디서 구입하셨는지
알려주실 수 있나요? ㅠㅠ 찾아봐도 안 나와서요 ㅠㅠ﻿"
48,Thanks for the subs unnie﻿
49,사랑스럼이....ꈍ◡ꈍ 가방 다 이뿌댜....﻿
50,언니인데 귀여워...﻿
51,귀여워염☆!☆﻿
52,지방시존예ㅠㅠ﻿
53,THANK YOU FOR THE ENG SUBSSSS﻿
54,발렌시아가 사이즈뭐에욥?!﻿
55,큰가방 ㅋㅋㅋ 저도 두번인가 들었는데 ㅋㅋ공감되네요 ㅋㅋ 다음엔 신발장도!!! 공개해주세여﻿
56,
57,日本語訳もしてほしい、、﻿
58,"많이 갖고 있으면 뭐하니??
전부 촌스럽고 안 이쁜데...ㅠ﻿"
59,하늘님 에너지가 너무 좋아요! 영상보면 제가 행복해짐ㅋㅋㅋ상큼상큼><﻿
60,"하늘언니~ 이제 곧 21살되는 하리보예요😀 
늘언니 조심스럽지만ㅠㅠ
영상에서 항상 밝은만큼.. 힘들고 무기력하고 그럴때가 있을것같은디ㅜ 그럴때 이겨내는법? 그럴때 뭐 하는지? 그런거 진짜 궁그매요ㅎㅎ 제 최애 유튜버 이신 만쿰..❤ 
저는 그럴때 우울한 감정에 매몰되기 너무 쉽더라구요,,,, 늘언니 방법이면 저두 해볼수있을것같아서요! 😛﻿"
61,늘언니 삭드쥬르 사이즈이름이 뭐에요?? 아님 가로 사이즈 몇센치에오??﻿
62,누나 천사보다 더 이뻐욤 ㅎ﻿
63,백 다 합해서 얼마에욤?﻿
64,오프 화이트 백 ㅋㅋㅋ﻿
65,다 괜찮은데요 투명백은 조금 ㅎㅅㅎ﻿
66,"I like the Gucci bag best, it looks so stylish :)﻿"
67,하늘색 안티고나 넘 이뻐요 ㅠㅠ﻿
68,마지막 샤넬 가방이랑 지방시가방이랑 모터백 넘나 갖고싶다..﻿
69,언니랑 취향이 비슷해서 항상 영상보면서 공감이많이되요ㅋㅋㅋㅋ﻿
70,생로랑 찡박힌거 엄청 마음에 드네요! 가격도! ㅋㅋㅋ 저도 미니백밖에 안들게되던데 도움됐어요 감사해요﻿
71,언니 넘 짱이에요...😭❤️ 근데 화면은 정면으로 고정하는게 좀 더 보기 편할 것 같아요﻿
72,주예수를믿어라 그리하면너와네집이 구원을받으리라﻿
73,발렌시아가 가방 진짜 뽐뿌옴..원래 다른가방 사고 싶었는데 가볍고 실용성 좋다는 말에..워낙 막 들고 다니는 1인이라 화이트는 싫어했는데 왠지 사..사고싶어..ㅠ﻿
74,생로랑 사이즈가 나노 아니면 베이비사이즈 인가요??﻿
75,와 박탈감 안 오고 어떤 가방 사는 게 좋을 지 계획 세우게 되는 하울 처음이에요.. ㅠㅠ 😭 다음에 대학생 패션 관련해서 글 올려주시면 안될까요?̊̈ 하늘님이 정말 유용하게 잘 소개해주실 거 같아요﻿
76,영상에 입생 정보안나와있는 가방 이름뭔가요..아시는분!!너무이뻐요.. 제발알려주세여..﻿
77,"발렌시아가 무겁나요??
사신사이즈뭐에용﻿"
78,해당 영상 의상 정보도 너무 궁금해요!!﻿
79,헉 언니 저랑 취향 비슷하신 드슈ㅠㅠㅠㅠㅠ 좋은 가방 알아가서 행복해용♥♥♥﻿
80,머리띠 정보좀 부탁드려도 될까요?﻿
81,돈많이 버니까 저정도는 사치아닌듯해﻿
82,cute bags!﻿
83,"진짜 이런 명품소개?영상에 첨 댓글 달아봐요. 다른영상보면 내가 명품을 샀어! 자랑할게! 이런 느낌들어서 하울링영상 진짜 안보고, 보더라도 질투나고 배아파서 짜증났는데ㅋㅋㅋㅋ 언니영상은 진짜 공감되고 아 저래서 저런가방을 사는구나 싶어요. 명품에 대한 설명이 아니고 언니가 직접 쓰고 느낀거 말해줘서 너무 좋았어요. 저도 가방막들고 막쓰거든욬ㅋㅋㅋㅋ 언니 진짜 감사해요!!!!  가방사러갑니다!!!!!!﻿"
84,
85,다음에는 가을 옷 쇼핑하고 후기 영상 올려주세요~﻿
86,언니 영상에서 입으신 원피스 정보 좀 알려주실수있나용!!?💙﻿
87,"발렌시아가 가격 뭐에요,,﻿"
88,가격 궁금해요 ㅎㅎ﻿
89,"자신의 말로서 하나의 영상을 만들어내는 건 생각보다 힘든 일이지 않을까 생각해요. 게다가 좋아하는 일 아니면 카페에서 커피 한 잔 마시는 게 아니라, 자신의 시간을 써서 만들어내야하는 일일 것임에 훨씬 힘들지 않을까 싶어요. 이 분 악플이 많나봐요. 선한 의도로 하는 일들을 선한 의도로 편히 봐주는 것이 좋을 것 같아요.﻿"
90,"인생은 하늘처럼,,﻿"
91,썸네일에 나온 구찌실비백 어디갔나요...😭﻿
92,"언니도 설명 잘하셧어요! 자신감을 가져요!
하리보가 응원합니다>3<♡﻿"
93,우리엄마보다 가방이 많으시네..엄마한테 미안하고 열심히 일해서 많이 사드려야지....﻿
94,왤케 웃겨요 ㅋㅋㅋㅋㅋ현실감 있어서 완전 재밌게 봤오요.﻿
95,오늘팬이됬어요.너무예쁘세요😍﻿
96,가격도 알려주세요 ㅠㅠ﻿
97,하늘님묘하게송혜교님닮으신거같아요﻿
98,"하늘님은 정말 솔직하구 귀엽구 착해서 보는내가 다 정화되는기분이에옹  항상화이또,,﻿"
99,대리만족 되서 너무 좋아요 ㅠㅠㅠㅠ늘 재밌게 보고있어요❤️❤️﻿
100,근데 이분은 원래 금수져인건가요?﻿
101,"Oh, my God! Look how beautiful you are! Wow!👸👩‍🎤🇰🇷﻿"
102,언니 발렌시아가 에브리데이 토드백 사이즈 미디움으로 기재되어 있는데 xs이 맞는것 같아요!﻿
103,매다 -> 메다﻿
104,저랑 가방 취향 소름돋게 똑같아여ㅋㅋㅋㅋㅋㅋㅋㅋㅋ﻿
105,다른 명품하울보다 훨씬 더 와닿는 생생한 후기라서 더 좋아요! 하늘님 넘 재밌으시고 귀여우시네요 ㅋㅋㅋ 좋은 정보 감사합니다 참고해서 좋은 가방구매하겠습니당 ^^﻿
106,"언니 입술색이 정말 제 취향인데
입술에 뭐 발랐는지 물어봐도 될까요??﻿"
107,샤넬보이백 무거워도 들만큼 간지터짐 청바지에흰티입고 저거메도 코디끝..﻿
108,입생로랑 징 가방 진짜 탐난다﻿
109,"하늘님 말할때 특징 찾아냈다!!!!!
‘쪼끔 쫌 진짜 많이 정말 너무 엄청 되게’
이런 강조하는말 진짜많이사용하셔요!!! 귀여워요...❤️﻿"
110,여러 유투버분들 백 소개하는 영상 많이 봤는데 그중에서도 제일 귀여우신거같아요!!!! 뭔가 딱히 정보될만한건 없는데 계속 보게되는 ㅋㅋ 마성의 영상 ㅋㅋ﻿
111,발렌시아가 진짜존예다ㅠㅠㅠ﻿
112,"가방소갠데 왜이렇게 언니한테 눈이 더 가죠?!?ㅇ0ㅇ 대부분 심플하고 가볍게 들 수있는 것을 보니 언니의 취향이 확고하게 보이네욬ㅋㅋㅌ
그런데 '기스'라는 말은 일본말인지라 다음엔 '흠집'이란 말을 더 많이 사용해주셨우면 좋겠어요😘 영상 잘봤습니다❤﻿"
113,발렌시아가 미니시티 모터가 아니고 파피에르 아닌가요???﻿
114,대박.. 저랑 가방 취향이며 미니백 고집하는거며 가방 막 다루는거며 어쩜 저랑 이렇게 똑같아용?? 영상 너무 유용하게 잘봤어요😚❤️ 감사합니다﻿
115,도움됩니당♡♡﻿
116,"왜 나는 가방보다 머리띠 영업이 되는가...
머리띠 어디껀지 알려주실 분 계신가요 ㅠㅜ 
넘 예뻐요﻿"
117,진짜 솔직하게 이야기해줘서 너무 죠아여ㅜㅜ♡♡♡ 근데 언니가 작다고 했던 가방들이 언니한테 잘어울려요﻿
118,루이비통 카푸신 진짜 비싸고 고급라인인데 잠깐 고민하다 엄마 드려야겠다고 하는거 너무 귀여워요 ㅋㅋ﻿
119,"구찌백 넘모 이뿌따,,,﻿"
120,언니~~오랜만에 옷 소개해쥬세요오오🙆 작년에 해주신거 완전 유용했어요!!!﻿
121,엄지척하실때마다 귀엽..💕ㅋㅋ 발렌시아가 흰색가방 진짜 예쁘네용ㅋㅋ﻿
122,우아 언니 부자❤️가방뷰자﻿
123,저 구찌가방이 이제 유행이지났군요... 저도 저거 큰걸루 있는데 아까워서 안매고 다녔는데.....﻿
124,마지막 샤넬백 제품이름이 뭔가요ㅜㅜ 예쁘다﻿
125,아..역시 예쁜 것도 좋지만 가방은 가볍고 수납력 좋고 무엇보다 자주 들 수 있는 가방으로 사야겠구나 싶어요 진짜 예뻐도 불편하면 안들게 되는게 사람은 다 똑같구나ㅠㅜ 첫번째 지방시 하늘색 입구 좁은거 빼고는 완벽해보여﻿
126,이언니는 뭔가 기분좋게 해주는 에너지가있는거 같음 귀여우심ㅜㅜ﻿
127,언니이잉 가격두 알구싶어용 ❤️﻿
128,저 하늘님옆에있는 루이비통가방 저도 있는데 저도 하늘님처럼 여태3번들었어요ㅋㅋㅋ왠지 손이 안간다는ㅜ﻿
129,근데 다 진품이예요??﻿
130,언니 귀걸이 어디서 사셨어용﻿
131,얼짱시대나오던애가 이렇게 될줄 누가 알았냐고~~~﻿
132,오늘 처음보는데 송혜교 닮었어요!﻿
133,어휘력이 부족하네요.﻿
134,"haneul eonnie, can you make a video of how you keep healty and have a healthy body, i wonder what vitamin did you eat, maybe omega 3 or another supplement that you take to stay healthy, please!!! i really want to know﻿"
135,"예쁜 가방이 엄청 많은데요. 
좋아요 누르고 갈게요. 
저의 여섯 동거 견들의 일상을 구경하러 놀러 오세요.﻿"
136,이쁜게 반칙.﻿
137,귀..귀여워!!!!!!!!!!!﻿
138,저도 가방 진짜 막드는 편이고 심플한거 좋아해요! 저도 디자인은 볼 줄아는데 ㅠㅜ 그게 궁금한게 아닌데 보통 가방 소개 영상은 가방 디자인 자랑(?)이고 진짜 후기 영상은 별로 없어서 별로 안좋아하는 편이에요 ㅠㅜㅠ 근데 언니 리뷰는 엄청 보기 편했어요!! 😍﻿
139,어깨에 세명올라가있는거같댘ㅋㅋㅋㅋㅋㅋㅋㅋㅋㅋㅋㅋ도움많이됐어용 하늘님!!!! 가방의완성은하늘🙂💓﻿
140,이런영상좋아욯ㅎㅎㅎ﻿
141,샤넬 보이백 정말 사고싶었는데 ㅠㅠㅠㅠㅠ﻿
142,아ㅠㅠㅠㅠ귀여워ㅜㅠㅠㅠㅜㅠㅜㅜㅜ﻿
143,하늘색 발렌시아가 진짜 잘어울리거 예뻐요ㅠ﻿
144,발렌시아가 흰색 가방 이름이 뭐죠﻿
145,기스보다는 흠집이라고 해주시면 좋을 듯 해용💕﻿
146,구찌실비백에 체인빼고 저 리본같은걸 가방끈처럼 고리에 껴서 사용하면 훨씬가볍고이뻐요ㅋㅋ﻿
147,원피스정보좀주세요오옹오﻿
148,너무 궈여우시다.. 입틀막﻿
149,"가글이였나? Cf 되게 상큼하고 호감이였음
사람자체가 밝아서 직업에
대한인식보다 이미지가더좋아보인달까﻿"
150,기여우세요 ㅠ❤️﻿
151,발렌시아가 하얀색 너무 갖고싶어요 캐주얼한게 내스타일 ㅜㅜ 얼마일까요﻿
152,다음에는 미니백 이나 큰가방에 넣고 다니는 데일리 내부도 궁금해요﻿
153,"소개 너무 잘해주시는 것 같아요 데일리 사진추가도 어려운데 감사해요^^ 생로랑 검정 가방 내부 궁금했는데 영상에 안나와서 아쉬웠어요 
제눈에는 다 다른 가방 너무 이쁘네요^^﻿"
154,명품가방 특히 작은가방 관심도 없는데 왜 난 끝까지 봤지?ㅋㅋㅋㅋ﻿
155,발렌시아가 퍼플백 이름아시는분계신가요??﻿
156,"남자로써는 이해가 안가는구만
이해가는 남성분 있나요?
물론 수집욕이라고 해도 저정도는좀..﻿"
157,귀여워........ 항상 부끄러워 하면서 말하는게 너무귀여움ㅋㅋㅋㅋㅋㅋㅋㅋㅋㅋㅋㅋㅋ﻿
158,"언니 ㅠㅠ 귀걸이 어디서 구매하셨어요? ㅠㅠ 너무 예뻐요, 저두 사고싶어요 ㅠㅠ﻿"
159,언니 가격대도 같이 정리해서 올려주시면 더 좋을 것 같아요~!~!~!~! 잘 봤습니당~~~﻿
160,구찌리본백 진짜 예쁘네요ㅠㅠㅠ 제가 헤질때까지 대신 매드리고싶(??﻿
161,"샤넬,입생로랑 가방이 진짜 클래식한데 들고다니기엔 무거움. 특히 저 체인... 폰넣고 지갑만 넣고다녔는데 엄~~청 무거움. 저 체인무게 때문에 버리고싶을정도였음. 사진찍기엔 딱ㅋㅋㅋ좋음﻿"
162,하늘언니 입고 있는 원피스 너무 예뻐요!! 정보좀 주실 수 있나용?.?﻿
163,
164,하늘님 성격이 워낙에 털털 하시고 수더분 하신거 같아서 명품 가방 소개 하시는데 캐쥬얼하게 편하게 설명해 주셔서 영상도 재밌고 정보도 얻어가요 감사해요 확실히 신여성이시네요 유행과 시대를 이끌어 가시는 똑부러지는 커리어우먼 같은 하늘님이 명품 소개해 주시니 더 잘어울리고 스타일링들이 예쁩니다 사람들과 소통하시려고 하시는 모습도 건강한 에너지 함께 느끼게 해주시니 활력 얻고 가요 벌써 10월 날씨가 쌀쌀하니 감기 조심하세요^^﻿
165,화면 전환하지 말고 정면으로만 쭉 보여주세요ㅠㅠ 하늘님 시선도 정면으로만 향하고 있으셔서 정면으로만 보여주시는 게 더 좋을 것 같아요ㅜㅠㅜ﻿
166,"Yay ! Eng subs !
Love ya 😚😚😚😚﻿"
167,How old is she? Does she have a boyfriend already? 😆 So prettyyy :)﻿
168,어 가글 광고 하신분 아니세요???﻿
169,흐 하늘님 그찌 실비백 제가 세상에서 젤 갖고싶은 백이였는데...ㅠㅠㅠㅠㅠ 별로안들고 다니시는거 보고 뭔가 사고싶지않네요 ㅋㅋㅋㅋㅋㅋㅋㅋㅋㅋㅋㅋㅋㅋㅋㅋ흐미 하늘님 근데 부러워요.. 저렇게 백이많다니...﻿
170,"하늘님 영상보고 에브리데이백 사왔어용 완전 사고싶던 사이즈에 가볍고 편하고 예쁘고 존좋탱!!! 고마워용

어 근뎅 에브리데이백 더보기에는 미디움이라구 적혀있는데 사이즈 xs네요﻿"
171,Red Velvet Irene x Song Hye kyo look alike 😄 so pretty﻿
172,언니 가격도 알려주셨으면 더 좋았을거 같아요﻿
173,턱밑에 브이자 하는거 조금만 줄여주셨으면.. 너무 많이 하는거같아요 ..﻿
174,하늘님 영상내용도 좋고 언제나처럼 발랄하고 귀여우셔서 너무 좋은데 편집이 조금 ㅠㅠ ppt 텍스트박스 넣은 것 같아요..﻿
175,솔직해서 좋아요 👍﻿
176,마지막에 보여주신 샤넬백에 로고나 체인 등등 빈티지 골드인데 녹스는게 아니구 점점 칠이 벗겨지는 거거든요ㅠㅠ 백은 정말 이쁜데 수선도 안되는게 정말 단점...﻿
177,어후 아쥬 귀엽고 생기넘치고 상큼하고 이쁘고 난리났넹 🤨﻿
178,영상에 입은 옷 정보좀 알려주세영﻿
179,아귀여워 글구 취향 대박 비슷해요 ~!~~~﻿
180,언니ㅜㅜㅜㅜㅜ너무 이뻐여ㅜㅜㅜㅜ혹시 귀걸이나 목걸이 등등 악세사리 소개도 해주세여!!﻿
181,원피스 정보좀용...제발료 ㅠㅠㅠ﻿
182,백화점 브랜드말고 인터넷 쇼핑몰 위주 가방은 없나요? 학생분들도 많이보는데ㅠㅠ 사고싶어도 못사네..😭﻿
183,장점단점들을 얘기해줘서 좋아용 하늘님❤️❤️❤️﻿
184,하늘언니 옷 정보 알려주세요❣❣진짜 너무 예뻐요ㅠㅠ완전 찰떡쓰ㅠㅠㅠ﻿
185,가방 다 예쁘다 💛﻿
186,앞머리 넘기는 팁 알려주세용!!﻿
187,나이가 몇인데 명품이 도대체 몇개야. 다 합치면 억 넘겠네.﻿
188,매듭묶는법알려주세요ㅠㅠ﻿
189,저 여주 살아요 .... !! 꺆 !!!!!!!!!﻿
190,발렌시아가 데일리로 쓰신다는 가방 왜 종이백같지 ㅋㅌㅌㅌㅌㅌㅌㅌㅌㅌㅋㅌ﻿
191,발렌시아가 가방 검정색 관심있으신분들은 시티모터백아니고 파피에르라고 치면 나올거에요 ㅎㅎ 하늘님한테 가방 다잘어울려요﻿
192,"하늘색 원피스 너무 잘 어울려요💙
예쁜 가방들 보니 눈이 호강하네요
저는 특히 처음에 소개해준 하늘하늘 가방이 너무 예뻐요><﻿"
193,말투 아이유!!!같아요﻿
194,소프트 심볼 감동이예요 의리﻿
195,"Bertoni 가방 어떻게 구매하셨나요ㅠㅠ? 찾아봐도 안나와서요ㅠㅠㅠ
너무너무 이쁜데 구매경로 좀 알려주세요!.!﻿"
196,헉 .. 저는 저거 루이비통 가방 진짜 데일리 가방으로 가지고 다니는데ㅜㅠ 하늘님한텐 무겁고 크군여ㅜㅜ...﻿
197,루이비통이쁜데너무무거워요 ㅜㅜ﻿
198,다 이쁘고 잘어울려요ㅠㅠ 궁금한게 있는데 발렌시아가 파피에르 백 사이즈 뭐에용~?﻿
199,가격이랑 어디서 사셨는지 넣어주시면 좋았을것으류ㅠㅠㅠㅠ﻿
200,민효린 닮으셨어...﻿
201,저도 미니백 덕후인데 ㅎㅎㅎ 넘넘 유용한 정보네요~ 감사합니다♡﻿
202,혹시 발렌시아가 흰색 토트백 사이즈가 xs 맞나요?? 넘 이뻐서 사고싶어요ㅠㅠㅠ﻿
203,가방 보고싶은데 얼굴 위주로만 영상 구성되서 아쉽네요 가방 설명하는데 얼굴 보고있어야돼...﻿
204,SADDLER 가방 너뮤좋아요 디자이너분도 정말 가죽하나하나 설명해주시고 가방 뿐만아니라 카드지갑도 질도 너무좋고 정말 오래 쓰고 있어요!﻿
205,리뷰진짜좋은것같아요ㅠㅠ 딱 장점이랑 단점 골라주고 실용도 말해주고 쓰면서 느낀점이랑 코디와 같이 활용한 사진까지있는게넘조아요 이런리뷰더해주세여!﻿
206,진짜 솔직리뷰네요ㅋㅋ﻿
207,너무 사랑스럽다 전 여자지만 사랑스러워보여요 너무 ㅠㅠㅠ﻿
208,한지민 닮은...﻿
209,"제 취향은 지방시 하늘색백이랑 발렌시아가 화이트 백이네요~ 무난 깔끔ㅎㅎ
발렌시아가 저 화이트 숄더백은 진짜 예쁘네요 활용도가 넘 높을것 같고 이뻐서 사고싶다..﻿"
210,착용하신 원피스 정보 알고싶어요ㅠ﻿
211,너무너무는 아니고 너무래ㅋㅋㅋㅋㅋㅋㅋㅋㅋㅋ 귀엽더..﻿
212,꺄아 하늘언니다앗❤❤❤❤❤❤ 언니 오늘도 이쁘다아ㅠ﻿
213,너무좋앜!!!!!!!!!!!!!!!!!!!!!!!!!!💗💗💗💗💗💗💗﻿
214,언니 진짜 너무 에뻐요 ㅜㅜ 오늘 영상에서 핟 메이크업도 올려주세용!!﻿
215,발렌시아가 토트백 사고싶은데 찾아보니 품절이네요 ... 엉엉 ㅠㅠㅠ﻿
216,하늘님~ 발렌시아가 에브리데이백. 미디움 사이즈 아닌것 같은데 사이즈 체크 다시해주실수 있을까요 ?  XS 이나 S 중에 하나일것같아요﻿
217,언니 이쁜말만 듣구 맛있는것만 먹구 살아요 마니 애정해요💙﻿
218,You’re soooo cuteeeeeee﻿
219,생일이에욤ㅎㅎ...그냥...그렇다구요..🙃😅﻿
220,언니가 사용하고 있는지갑이랑 사용했던 지갑도 찍어주세요~~!!!﻿
221,코코핸들 (그 외에도) 체인은 빼서 보관하셔야 한다고 들었어용﻿
222,왕 오늘 시내갔는데 올리브영에도 크게 딱 계시고 화장품가게 지나가는데도 딱계셔서반가웠서요 !!﻿
223,하늘님 오늘도 영상 잘 봤어요! 요새 환절기라 날씨 왔다갔다하는데 감기 조심하세요 🤧💙🍎﻿
224,취향이 넘 비슷해요 ㅠㅠㅠㅠㅠㅠ 언니 덕분에 평소에 계속 미련 남았던 가방들 포기할 수 있게 됐어요 진짜 이런 정보 주시는 거 넘 좋아요 ㅠㅠㅠ 최고다 ㅠㅠㅠㅠㅠㅠㅠ 튼 오프화이트는 미련 1도 없이 깔끔하게 포기했습니다 ㅋㅋㅋㅋㅋ 안티고나랑 에브리데이도 고민했었는데 언니 영상 보고 무조건 꼭 사야겠다 싶었어요 ㅠㅠ 넘나 많이 도움된 것!!!!!﻿
225,하늘님 취향=제취향 완전 판박이라서 항상 유튜브나 인스타볼때 머리부터 발끝까지 모든게 하나같이 너무예쁘고 맘에들어요ㅠㅠㅠ 정보많이많이 공유해주세요 ㅎㅎ넘좋아요﻿
226,혹시 귀걸이 정보도 알 수 있을까요~? 달랑달랑 진주 너무 이뽀요~﻿
227,선릉에서 밥먹고 나오는데 봤는데 아직도 기억난다 진짜 연예인 비쥬얼임. 실물이 더 이쁘심﻿
228,베르토니 가방 넘나 제 스타일이라 사고싶은데 해당브랜드가 국내엔 아무리 찾아봐도 없네요 ㅠㅠㅠ 어디서 사셨는지 몹시 궁금하네용...ㅠㅠㅠㅠ﻿
229,공주님 같야ㅠㅠㅠ﻿
230,
231,왜케 이영상은 보면서 맘씨가 이뻐보이지....❤❤💓﻿
232,"하늘언니 !!
저는 이번에 20살이된 대학생입니다. 언니 동영상 항상 잘보고 너무 멋지다고느껴요ㅠㅠ😍😍
그리고 저도 창업을 꿈꾸고 있어서 많이 찾아보고있는데 언니의 창업얘기,경영방식을 더깊고 자세하게 듣고싶어요!! 가능하신다면 그런얘기를 들려주실수있나요??❤️😄 완전 제 워너비입니다 ㅎㅎ❤️💕﻿"
233,헛 저도 각진 미니백 좋아해요♡♡﻿
234,우와 투명가방 넘나 예뻐요❣️﻿
235,진짜 하늘언니랑 찰떡인 제품들만!! 가방들도 다 졸귀탱❤️﻿
236,브랜드도 다양하고 디자인도 다양해서 보기 즐거웠어요!!﻿
237,소프트심볼은 이미 품절이네여ㅠㅠㅠ﻿
238,처음 지방시 가방은 색깔이 하늘언니랑 안어울리는것같아요 ..ㅠㅠ 하늘보단 핑크가 잘 어울리시는듯﻿
239,귀걸이 정보 궁금해요!!﻿
240,하늘언니 항상잘보고있어용 근데 가방가격도 옆에기재해 주시면 좋겠어용 ㅠㅠ😢﻿
241,Waiting the sub 👍﻿
242,eng subs!?﻿
243,무거운가방은 진짜 아무리좋은거사도 안들게되서 요새는 에코백만들고당긴다는..ㅋㅋ﻿
244,턱밑에 브이 안하면안되요ㅜㅜ? 전 영상들부터ㅜㅜㅜㅜ보기좀싫어요..죄송해요﻿
245,하늘 = 인간명품 💫🌟❗️﻿
246,Eng sub please!! 😭😭😭﻿
247,영상 편집이랑 촬영하시는 분들이 오디오를 두 카메라중 하나만 선택해서 통일감있게 해주시면 좋을것같아요!ㅎㅎ카메라가 바뀔때마다 오디오가 바뀌어서 짝 불편했답니당ㅎㅎ작은 의견이었습니당 총총﻿
248,딱내스타일 ㅎㅎ돈벌면 조금만사야지ㅠㅠ유익한영상좋아요﻿
249,귀여워….오늘도…ㅇ여여전히….﻿
250,"가방 예쁜거 엄청 많으세요👍👍💕💕
아참! 기스 라는 일본말보다 흠집이라는 말을 쓰면 영상이 더 예쁠것같아요!﻿"
251,귀걸이 정보 알 수 있을까요??🙆‍♀️﻿
252,"명품 가방 몇백씩 들여서 사는데 녹이 슬고 그러는 군요ㅎㅎㅎ명품은 그 만큼의 값어치를 하는 줄 알았는데 그냥 브랜드 값이라니 허허
(명알못)﻿"
253,하늘님 넘나 귀염뽕짝하구 영상도 넘 잘봤어용!!!!!! 저도 에코백 아니면 가죽가방은 다 미니백 좋아하거둔요!!! 알려주신 중저가 브랜드들은 구경가볼라구여~~~!!!제취향 가방들 많아서 넘넘 재밋엇어요!!!❤️❤️﻿
254,"오히려 백 이름이나 정보같은거 모르고 좋아하는거 그때그때 골라서 사신게 더 보기 좋아요. 진짜 좋아서 산 거같고, 이름이나 콜렉션 따져서 사는것도 물론 재미가 있지만 다들 너무 극성이라 피곤할때도 있어서 하늘님의 비디오가 더 신선합니다. 패션 잘 몰라도 자기만의 취향으로 사고 입는게 더 멋있어요.﻿"
255,
256,하늘님 가방 핸들에 스카프 같은 걸로 매면 느낌도 새롭고 안 헤져서 좋아요 한번 알아보세요!!!!!!^^﻿
257,구찌가방 제가 정말 갖고싶던거였는데 생각보다 무겁군요 ㅠㅠ﻿
258,♥️﻿
259,왜 난 언니 쌩얼이 더 익숙하지﻿
260,하...소프트심볼 가방 찾아서 주문하고 왔습니다 너무예뻐ㅠㅠㅠㅠ﻿
261,I love your video. But i don't understand what are you talking. Please make eng sub thankyou ❤﻿
262,언니 가방 진짜 막 대하는게 보이네요....ㅋㅋㅋㅋㅋㅋㅋㅋㅋㅋㅋㅋㅋㅋㅋ귀여워ㅠㅠ﻿
263,항상 겸손하신것 같아서 너무 보기좋아요♡﻿
264,이 언니 웃을 때 진짜 매력적이시다.. 웃을 때 너무 이뻐서 놀랐네﻿
265,하늘님 3분 30초부터 4분10초까지 목소리가 확 작아집니다!﻿
266,다음엔 구두 해주세욥!!!﻿
267,헐 언니 구찌를 선물받았다구요...머박적 ㅜ﻿
268,"가방안에
들어갈거 같고 ㅋㅋㅋㅋㅋ﻿"
269,가방은 어떻게 정리 해두는지도 궁금해요 !!﻿
270,가방 하나하나 다 너무 예뻐요~~❤️ 충분히 하늘님만의 방식대로 잘 설명 해주셨으니 걱정마셔용 가볍고 편하고 실용적인게 짱인거 넘나 공감이에요 ㅋㅋㅋㅋㅋㅋ﻿
271,히..힙스터~? ㅋㅋㅋㅋㅋ귀여워요﻿
272,영상초반에 나온 검은 발렌시아가 백이 제일 취향저격이에요ㅋㅋㅋㅋㅋ 저도 적당한(?) 미니사이즈 백을 좋아하기는 하는데 하늘님과는 반대로 뭔가 각진 미니백은 너무 모시고 다녀야할거같은 기분이 들어서...(저는 돈이 읍거든여..) 좀 흐물흐물한게 좋거든요 ㅋㅋㅋㅋ 근데 저 사이즈에 저런 디자인이 너무 귀엽네용 갖고싶당﻿
273,언니 오늘도 잘보고 갈게용❤ 좋은 밤 되시길😍❤﻿
274,언니~~~화이트발렌시아가 사이즈가 혹시 어떻게되나용﻿
275,가방들도 넘나리 하늘스럽지만 언니 귀걸이 정보알려주세요!!귀걸이 노무 예뽀요........﻿
276,ㅠ넘귀여우시다ㅠㅠㅠ﻿
277,파스텔컬러백 언니한테 너무 잘어울리는거같아요!!!﻿
278,언니 지갑도 보여주세용!﻿
279,언니 진짜 넘 예뻐요~~~~~~일상영상 많이 올려주세요!!❤️﻿
280,요번거는 꽤 명품하울인데 딱히 현타가 안온다.ㅋㅋㅋㅋㅋ가방은 확실히 가벼워야 함 ㅜㅜㅜㅜ 저렴하든 고가든 가방 무거우면 답이 없다 ㅜㅜ하늘님 진짜 솔직하게 무거운지 아닌지 얘기해줘서 굳굳★﻿
281,언니 요즘 악성댓글에 스트레스 받으시는건가.. 자꾸 조금만 예쁘게봐주세요~라고 하시는거 같은데 누가 언닐 욕해요 으엉 ㅠㅠ속상 ㅠㅠㅠ﻿
282,언니 나중에는 신발이나 옷도 해주세용 ㅠㅠ 이런 거 너무 좋아요 ㅎㅎ 약간 시리즈 처럼 했으면 하는 바램이 ..﻿
283,"으아 언니 ㅜ ㅜ 저 이번에 구독하게 된 사람이에요 .. 언니를 알고는 있었고 하늘하늘도 가끔 사용하긴 했었어요 근데.. 언니 유튜브 보고 ㅠ언니의 매력에 빠져버림.. 그냥 보고 지나쳤는뎈ㅋㅋ하루종일 뭔가 생각났어요 되게 매력있는 사람이다 싶어서? 젊은 나이에 대표가 된 것도 존경스럽고 그냥 넘 멋져요,, 이 영상도 잘 볼게요 바쁜 와중에 영상 고마워요 항상 행복하세요👊👊😆﻿"
284,언니ㅠ진짜 사랑스러워요💓💓💓💓💓💓💓﻿
285,언니 구두랑 신발도!!!!! 해주세용❣﻿
286,언니 완전 오늘 공주같아요.. 백설공주 너무너무너무 이뻐요..공주하늘최고﻿
287,가방보관은어떻게하세요?﻿
288,Please add English subtitles.﻿
289,ㅋㅋㅋ하늘님....가방안보이구 하늘님만보인다능...ㅠㅠ...넘나에뿌심 ..ㅠ﻿
290,"저도 언니처럼 키가 작아서 진짜 가방 90%가 미니백이에요 ㅋㅋㅋㅋ 글구 진짜 취향이 저랑 비슷하세요 >_< 저도 검은가방 베이지, 아이보리 같은 튀지않는게 대부분 이에요 히히히 미니백 쨩 👍🏻💕﻿"
291,다귀엽고 다 데일리네요﻿
292,발렌시아가에 대한 인상이 바뀌었어요. 매장한번 가봐야겠네요. 잘봤습니다﻿
293,かわいい﻿
294,가방소개인데 왜전 자꾸 머리띠에 눈이가죠~?! 머리띠가 진짜 이뻐용!!❤️﻿
295,언니의 해맑은 모습이 정말좋아여❤﻿
296,언니 제가 요즘 너무 트러블이올라와서 잠시나마 파데안쓰려고하는데요 둥둥뜨지않으면서도 화사해지는  톤업크림이나 썬크림 추천해주세요 ㅠㅠㅠ혹시 아시는분 아무나 알려주세요!지속력도 좋은거있으면 그것도요...﻿
297,헐 언니 너무 예쁘세여ㅠㅠㅠ❣️❣️💛﻿
298,그 두번째 발렌시아가 가방 파리에서 사신거죠!!! 브이로그에서 본거같어용﻿
299,귀염뽀짝 뷰리풀 프리티 영앤리치 ❤️하늘쨩❤️금요일은 언니 영상 올라와서 넘 좋아요~!﻿
300,정말 진짜 되게 너무 —>하늘언니 이말 엄청 많이하네요ㅋㅋㅋ﻿
301,꺆 샤넬 코코핸들(마지막)가방은 스트랩빼고 보관하셔야 해요!!!!!!! :-) 색깔 너무 이뻐요 히히 보이백진쨔......넘냐 찰떡인 것! 오늘 영상도 잘 봤어요🍒💘﻿
302,"영 앤 리치 앤 러블리 ❤️
믓찌다!!!!!!!!🤟🏻🤟🏻🤟🏻🤟🏻🤟🏻🤟🏻🤟🏻
마지막 가방은 진짜 찰떡 늘템🤟🏻🤟🏻🤟🏻🤟🏻﻿"
303,아무리 예뻐도 무겁고 불편하면 안들게 되던데 하늘언니 영상은 역시..bb 실용성짱짱 공감하구가요ㅎㅎ﻿
304,너무 예뻐용~><﻿
305,지방시 안티고나 하늘색 엄청 예쁘네요! 하늘님 아이덴티티에 딱입니당﻿
306,뭐 다 막 들기 편한 가방이라고 ㅋㅋㅋㅋㅋㅋ﻿
307,예쁜 원피스 쇼핑몰도  추천 부탁드립니당^^﻿
308,"저는 키가 작아용 154 ㅠㅠㅠ
사계절 원피스만  입는편이라

그래서 항상 미니백만  하고다녀용^^


선물받은 비싼가방도 있는데  무겁고  크고 불편해서 거의 안해요~

원피스에  미니백하고 다니는게 젤 편하고 좋음 ~^^﻿"
309,"이런 영상 너무 좋아요💙
요즘 사용하는 쿠션이나 파데영상도 보고싶어요!!﻿"
310,저번에 보여주신 화장품 방들의 화장품 많아서 못 보여주신다고 하셨었는뎅 파트별로 해서 추천템? 추천도 좋을 것 같아용 ㅎㅎ﻿
311,저는 이런영상이 너무 좋아요 !! 하울영상 많이 올려주세요 !!﻿
312,ㅋㅋㅋㅋㅋㅋㅋㅋㅋㅋㅋ가방 안에 들어갈것 같다뇨ㅋㅋㅋㅋㅋㅋㅋㅋ 넘나 잘봣어용💕﻿
313,제취향이랑완전똑같애요 ㅎ 저두각지고미니백만조아해용ㅎ﻿
314,"부러우면 ,, 지는거가 ㅂㄷㅂㄷ﻿"
315,
316,하늘님 고급져 고급져 🖤﻿
317,"언니 맨처음에 소개하셨
던지방시 안타고나백
여주아울렛에서 50퍼센트 할인받아서 사셨던 가격이 어느정도인지 여쭤봐도 될까요???
너무너무 이뻐요ㅠㅠㅠ!!!!!!❤️﻿"
318,추리닝에 발렌시아가 ...... 역시 영앤리치큐트﻿
319,"샤넬 보이백 하드웨어 색깔은 정확히 말하면 ruthenium이에요!
그리고 루이비통 카푸씬은 원래 좀 포멀한 룩에만 잘 어울리는 감이 있죠. 그리고 지금 가지고 계신 사이즈가 pm 인데 bb 로 사셨으면 훨씬 활용도가 높았을텐데..
그리고 코코핸들 이쁘네요. 핸들 부분 도마뱀가죽인거 같은데... 쉐브런 패턴이 이쁜거 같아요 코코핸들은﻿"
320,제일 아끼신다던 저 백....네..제눈에도 저게 제일 예쁘네요..넘예뻐﻿
321,입생로랑 징(?)박힌거 모델명뭔지아시는분..﻿
322,언니! 언니동영상볼때마다ㅜ너무행복쓰해여ㅜㅜ우울한거싹다날라감 ♥ 일상브이로그 많이찍어주세요!!!﻿
323,가방도 이쀼고 하늘언니도 이쁘고✨❣️﻿
324,언니가방다내취향 ..❤﻿
325,저도 샤넬 코코핸들 미니 있는데 리자드 핸들이구요~ 보관하실때 스트랩 빼놓으셔야해용~ 안그럼 가죽 닿는 부분이 자꾸 색이 변해요. . 그리고 까맣게 된 부분은 가죽 클리너로 닦아주시고 가죽 크림 발라주시면 오래오래 깨끗하게 쓰실수 있어요~ 저는 핑크색인데 베이지색 너무너무 예쁘네용 왜 국내엔 안들어올까요 ㅠ.ㅠ 루이비통 카푸신도 제가 좋아하는 가방이고 위시템인데 저거보다 작은 미니 사이즈가 있어요~ 그건 크로스도 가능하고 그리 안무겁더라구요. . 참고하세용~♥﻿
326,옷 너무 귀여워요 옷 정보는 어떻게 되나여?﻿
327,하늘님 왜케 보면 볼수록 좋디...🤔🤔💟💟💟﻿
328,이런영상 좋아여💗하늘님이 소개하시는 건 다 꿀템!! 옷장 소개도 보고싶어요 원피스편 운동복편 악세사리편 이러케 시리즈로용 ㅎㅎㅎㅎㅎㅎ﻿
329,언니 큰맘을 몇번 먹는거에욬ㅋㅋㅋㅋㅋㅋ기여웡 ㅠㅠ 힝﻿
330,혹시 귀걸이 정보알수있을까용??﻿
331,
332,"다른 유튜버들 리뷰들은 보여주는거마다 “너~~무 이쁘죠?” “한눈에 반해서 샀어요” 이러면서 설명은 잘 안하면서 딱 느낌이 티는 안낼려고 하지만 난 이런거 많아 부럽지? 이런 느낌이였는데, 하늘씨는 어떻게 썻는지 어떤점이 좋은지 안좋은지 자세히 말 해줘서 좋은거같아요﻿"
333,언니 스탈 진짜 다 제가 좋아하는거...ㅠㅜㅜ﻿
334,진짜 이언니 영앤리치프리티의 교본﻿
335,키작녀분들이나 가방짧게매고싶으신분들 가방구멍 더 뚫어서 매세요!!! 저는 묶어서맬땐 매듭부분이 어깨를 눌러서 아프고 불편하더라구요ㅠㅅㅠ 신발수선?시계수선?같은곳가면 뚫어주시는데 전 그냥 인터넷에서 펀치 만원도안하길래 그냥 사서 벨트도 뚫고 가방도 뚫고 신발스트랩도 뚫고 유용하게씁니당﻿
336,저도 크던지 작던지 각진가방만 좋아요!!♡﻿
337,제발 이 영상보구 상대적 박탈감 든다고 안 썼으면 좋겠다 ㅜㅠㅠㅠ 영상 잘 보고 댓글 보다가 그런 내용 발견하면 팍 식음... 1도 안 궁금하니까요... 혼자 생각하기... 하늘님만의 개인적인 의견이 담긴 가방 영상 너무 좋았어요! 잘 봤습니다﻿
338,언니 원피스 정보는 없나용??? 너무이뻐요💙﻿
339,살구피치색 코코샤넬 가방 보관하실때 스트랩은 빼서 가방안에 보관하셔야된데요~!!! 탈부착되는 스트랩이라서 가능하실꺼에요.﻿
340,조심스럽게 힙스터 ㅋㅋ﻿
341,오늘 화장짱인데요?  언니는 언니닮은 예쁜가방들이많으시네요!  너무예쁘세요♥♥♥﻿
342,"으악 쿠쿠언닝 영상 엄청 기다렸어용ㅎㅎ
다음 영상유럽여행 브이로그였으면 좋겟당 ㅜㅜ
오늘 영상도 그뤠잇﻿"
343,뒤쪽에나온 루이비통 네모난거 잘안쓴다핳때 속으로 그럼 엄마를 주징....! 이생각햇는데 바로 엄마준다고 나왓네용ㅋㅋㅋㅋㅋㅋㅋㅋ﻿
344,"얘, 발렌시아가﻿"
345,언니 ! 가방 보관은 어떻게 하세요??﻿
346,허류ㅠㅠㅠㅠㅠㅠ❤️❤️﻿
347,진짜 ㅋㅋㅋㅋ﻿
348,언니 영상에 광고팍팍넣으세요ㅜㅜ어뜨케 22분영상에 광고가 하나도없죠?!ㅜㅜ﻿
349,아예뻐어 ㅠㅠㅠ가방들도언니처럼 넘나이뿌ㅠㅠㅠㅠ💙💙💙💙﻿
350,가방 다 취향저격☺️💕 넘 예뻐요ㅠ﻿
351,영상에서 왜 띠롱 또롱 똥똥.. 이런 소리가나죠?.. 일부러 작게 넣으신건가요? 집에 냉장고문 안닫은 줄 알았는데 영상에서 소리가..﻿
352,오!늘!도!존!예!여!신!﻿
353,보이백 너무 이쁘당 ㅠㅠㅠㅠ﻿
354,발렌시아가 파피에르 아니에용? 미니 시티가 아니라??﻿
355,저도 미니백 엄청 좋아하는데 나중에 돈 모으면 저 중에 하나라도 사고 싶어요ㅠㅠㅠㅠ﻿
356,언니 가방 쪼매는법? 알려주세용﻿
357,"Yeayy new video from our eonni kkk 
Fighting💕﻿"
358,절대안과한데;﻿
359,너무예뻐요﻿
360,언니 원피스 정보좀 주세요..!!ㅎㅎ﻿
361,제스처가 많은 언니손이 너무 기여오용 ㅜㅜ ❤️❤️﻿
362,영상잘보고가요💝💝﻿
363,ㅎㅎㅎ넘 잼써요😭😭﻿
364,진짜 궁금했는데 영상감사합니다😍😍😍😍﻿
365,가방 궁금했는데 어쩜 딱!!역시 언니는 ♡ ♡﻿
366,가격들도 궁금해요 ㅠㅠ﻿
367,영앤리치앤프리티..최고💘💘💘💘﻿
368,하늘언니의 아가들 이군뇨🌸😆﻿
369,언니 ........... 너무도움 많이되용❤❤﻿
370,헉..낮잠자고 일어나니 언니 알림이 딱..😍😍 깨자마자 얼굴보여서 기분조아요❤❤❤﻿
371,가격도 옆에 써주셨으면 좋겠어요!﻿
372,"영상 다봤당 진짜 하늘공주같아ㅜㅜㅜㅜㅜ
가방이 언니 빨을 받는데 어쬬지?😘﻿"
373,너무 도움되는 영상이었어요!!!! 저도 비슷한 스탈인거같애요❤️❤️﻿
374,와 저게 다 얼마에요....﻿
375,요즘 쇼핑하다가 리스테닌광고 사진보면 미소😊﻿
376,저 구찌백 리본만 좀 떼면 이쁠거같다ㅏㅏㅏㅏ﻿
377,"나도 각진가방 진짜 좋아하는데ㅠㅠ
다 내 취향..♥
그치만 돈이 업따﻿"
378,가방살려고 고민중이였는뎁ㅜㅠ잘보고갑니다 ㅎㅎ♡♡﻿
379,하늘님 귀걸이 정보 부탁드려도 될까여?? 영상 잘 봤습니다*^^*﻿
380,"존예!!
언니는 여러가지 일을 하시잖아요 시간관리 방법이나 몇 시간 자는지등 언니의 일정들이 궁금해요❤️❤️﻿"
381,허얼 ㅋㅋ 하늘님 영상 첨보는데 아는와이프 한지민님 목소리랑 완전 비슷해요 (까랑까랑한데 약간의 예쁜 허스키?)﻿
382,언니 이번엔 가지고 있는 악세사리 소개해주세요~♥ 아 진짜 하늘언니 갈수록 이뻐져 ㅜㅜ﻿
383,우아아 오늘 공듀님같아여🙈﻿
384,언니 화장 오늘따라 넘나 잘된 듯?﻿
385,인스타에 해리포터 ㅋㅋㅋㅋㅋㅋㅋㅋㅋㅋㅋㅋㅋㅋ 갑자시 생각나네 ㅋㅋㅋㅋ﻿
386,미니백 좋아요💕🙊 개이득﻿
387,ㅜㅜㅜㅜㅜ언니가 최고야 하고싶은거 다해요!!﻿
388,13등이에여♥♥﻿
389,"언니 하늘색이랑 너무너무 잘 어울려요☁️☁️
진짜 완전 예뻐요ㅠㅠ💙💙﻿"
390,예뽀요!!!﻿
391,"역시 영 앤 리치 앤 큐트,...﻿"
392,언니 너무 예쁘고 귀여워요 ㅠㅠㅠㅠㅠ 진짜 사랑스러워요 ❤️❤️﻿
393,언니  티비 보고 있는데 언니가 가글 광고에 나오셔서 깜짝놀랐었어용...뒷북인강 암튼 너무 이쁘다구용♥﻿
394,언니ㅠㅠㅠㅠㅠ 하늘색 옷이 넘 잘어울려여ㅠㅠㅠㅠ 이름값오져💙💙﻿
395,하늘언니💗💗 가방﻿
396,💜💜💜﻿
397,머리 너무 이뽀요♡♡﻿
398,악 너무 기다렸던 영상!!!!💖💖💖💖💖﻿
399,❤️﻿
